{"train/loss": 0.5263, "train/grad_norm": 28.843046188354492, "train/learning_rate": 1.1339285714285716e-05, "train/epoch": 3.96, "train/global_step": 224, "_timestamp": 1712096522.0236979, "_runtime": 1592.031888961792, "_step": 2, "train/train_runtime": 1594.5388, "train/train_samples_per_second": 2.258, "train/train_steps_per_second": 0.14, "train/total_flos": 1.6936310919561216e+16, "train/train_loss": 1.0750725822789329}