{"eval/loss": 0.6516257524490356, "eval/precision": 0.7485380116959064, "eval/recall": 0.8533333333333334, "eval/f1_score": 0.7822664388838644, "eval/accuracy": 0.7833333333333333, "eval/runtime": 41.5883, "eval/samples_per_second": 7.214, "eval/steps_per_second": 0.914, "train/epoch": 4.0, "train/global_step": 676, "_timestamp": 1712103576.603239, "_runtime": 6585.628525972366, "_step": 19, "train/loss": 0.1965, "train/grad_norm": 20.037120819091797, "train/learning_rate": 1.1246290801186945e-05, "train/train_runtime": 6030.7966, "train/train_samples_per_second": 1.791, "train/train_steps_per_second": 0.112, "train/total_flos": 7.048720437048115e+16, "train/train_loss": 0.5700265444242038}